filename,num_vesicles,area_vesicles,area_percent
WellH04_PointH04_0003_ChannelNile Red_Seq0475.ome.tiff,13,4127.2673486535905,0.003936068867353049
WellF10_PointF10_0003_ChannelNile Red_Seq0291.ome.tiff,37,60540.8466291655,0.05773625052372503
WellD15_PointD15_0003_ChannelNile Red_Seq0111.ome.tiff,0,0.0,0.0
WellE17_PointE17_0002_ChannelNile Red_Seq0218.ome.tiff,4,11755.05431156961,0.011210493384904489
WellH09_PointH09_0000_ChannelNile Red_Seq0452.ome.tiff,1,346.3605900582747,0.0003303151989538905
WellE14_PointE14_0002_ChannelNile Red_Seq0206.ome.tiff,0,0.0,0.0
WellC08_PointC08_0001_ChannelNile Red_Seq0021.ome.tiff,0,0.0,0.0
WellC21_PointC21_0003_ChannelNile Red_Seq0075.ome.tiff,61,119086.78192330147,0.1135700053437247
WellD13_PointD13_0001_ChannelNile Red_Seq0117.ome.tiff,0,0.0,0.0
WellC21_PointC21_0000_ChannelNile Red_Seq0072.ome.tiff,58,126142.79902326416,0.12029914762808243
WellH09_PointH09_0003_ChannelNile Red_Seq0455.ome.tiff,2,1787.5662198925925,0.0017047559927869725
WellC03_PointC03_0000_ChannelNile Red_Seq0000.ome.tiff,0,0.0,0.0
WellG17_PointG17_0001_ChannelNile Red_Seq0377.ome.tiff,0,0.0,0.0
WellE19_PointE19_0002_ChannelNile Red_Seq0226.ome.tiff,6,6221.924250434585,0.005933689356264672
WellH04_PointH04_0000_ChannelNile Red_Seq0472.ome.tiff,2,1679.1812733437444,0.0016013920529782718
WellH05_PointH05_0001_ChannelNile Red_Seq0469.ome.tiff,16,9719.302272043424,0.009269048950236725
WellD06_PointD06_0000_ChannelNile Red_Seq0144.ome.tiff,39,95118.00077273819,0.09071159436487025
WellG04_PointG04_0001_ChannelNile Red_Seq0325.ome.tiff,0,0.0,0.0
WellF05_PointF05_0002_ChannelNile Red_Seq0310.ome.tiff,2,944.0485924037328,0.0009003148960149124
WellF20_PointF20_0001_ChannelNile Red_Seq0249.ome.tiff,0,0.0,0.0
WellH17_PointH17_0000_ChannelNile Red_Seq0420.ome.tiff,10,4153.185488045707,0.003960786331220347
WellC16_PointC16_0001_ChannelNile Red_Seq0053.ome.tiff,20,10953.162786740813,0.010445750033131421
WellD10_PointD10_0002_ChannelNile Red_Seq0130.ome.tiff,0,0.0,0.0
WellC20_PointC20_0001_ChannelNile Red_Seq0069.ome.tiff,27,148016.9232720465,0.1411599381180253
WellD20_PointD20_0003_ChannelNile Red_Seq0091.ome.tiff,0,0.0,0.0
WellF03_PointF03_0000_ChannelNile Red_Seq0316.ome.tiff,9,3531.1501426349278,0.003367567198405197
WellH22_PointH22_0003_ChannelNile Red_Seq0403.ome.tiff,4,1550.375974546563,0.001478553747698367
WellG12_PointG12_0000_ChannelNile Red_Seq0356.ome.tiff,0,0.0,0.0
WellC16_PointC16_0002_ChannelNile Red_Seq0054.ome.tiff,5,5224.468582919825,0.004982441504401994
WellE07_PointE07_0000_ChannelNile Red_Seq0176.ome.tiff,2,1983.1303625785567,0.0018912604928765838
WellE17_PointE17_0000_ChannelNile Red_Seq0216.ome.tiff,2,3719.645701850315,0.0035473305719855453
WellH20_PointH20_0000_ChannelNile Red_Seq0408.ome.tiff,4,1196.946801017711,0.0011414974222352134
WellF17_PointF17_0001_ChannelNile Red_Seq0261.ome.tiff,37,48104.0667117669,0.045875612937704945
WellC05_PointC05_0000_ChannelNile Red_Seq0008.ome.tiff,1,660.519855417254,0.0006299208215878048
WellH12_PointH12_0000_ChannelNile Red_Seq0440.ome.tiff,2,798.7499321752049,0.0007617472955467271
WellG17_PointG17_0003_ChannelNile Red_Seq0379.ome.tiff,0,0.0,0.0
WellF22_PointF22_0002_ChannelNile Red_Seq0242.ome.tiff,0,0.0,0.0
WellD16_PointD16_0002_ChannelNile Red_Seq0106.ome.tiff,0,0.0,0.0
WellG14_PointG14_0003_ChannelNile Red_Seq0367.ome.tiff,0,0.0,0.0
WellH07_PointH07_0002_ChannelNile Red_Seq0462.ome.tiff,0,0.0,0.0
WellG05_PointG05_0002_ChannelNile Red_Seq0330.ome.tiff,0,0.0,0.0
WellD13_PointD13_0003_ChannelNile Red_Seq0119.ome.tiff,0,0.0,0.0
WellD21_PointD21_0000_ChannelNile Red_Seq0084.ome.tiff,0,0.0,0.0
WellE08_PointE08_0000_ChannelNile Red_Seq0180.ome.tiff,2,877.2897485149497,0.0008366487012052056
WellD11_PointD11_0001_ChannelNile Red_Seq0125.ome.tiff,0,0.0,0.0
WellC13_PointC13_0002_ChannelNile Red_Seq0042.ome.tiff,22,30163.216465278998,0.028765884843138693
WellE20_PointE20_0002_ChannelNile Red_Seq0230.ome.tiff,2,3742.422248588841,0.0035690519796265038
WellF06_PointF06_0003_ChannelNile Red_Seq0307.ome.tiff,1,2733.9710067865176,0.0026073179309716392
WellE04_PointE04_0002_ChannelNile Red_Seq0166.ome.tiff,0,0.0,0.0
WellF11_PointF11_0000_ChannelNile Red_Seq0284.ome.tiff,48,92012.53643466465,0.08774999278513398
WellE07_PointE07_0002_ChannelNile Red_Seq0178.ome.tiff,2,6247.056991663303,0.005957657806075385
WellG09_PointG09_0000_ChannelNile Red_Seq0344.ome.tiff,0,0.0,0.0
WellF03_PointF03_0002_ChannelNile Red_Seq0318.ome.tiff,2,1308.4733402201489,0.001247857418270253
WellC18_PointC18_0003_ChannelNile Red_Seq0063.ome.tiff,1,226.98006922186255,0.00021646506235300307
WellG18_PointG18_0001_ChannelNile Red_Seq0381.ome.tiff,0,0.0,0.0
WellG12_PointG12_0002_ChannelNile Red_Seq0358.ome.tiff,0,0.0,0.0
WellF21_PointF21_0000_ChannelNile Red_Seq0244.ome.tiff,0,0.0,0.0
WellF07_PointF07_0003_ChannelNile Red_Seq0303.ome.tiff,6,15654.55619283794,0.01492934817584795
WellG05_PointG05_0000_ChannelNile Red_Seq0328.ome.tiff,0,0.0,0.0
WellG08_PointG08_0000_ChannelNile Red_Seq0340.ome.tiff,0,0.0,0.0
WellE21_PointE21_0001_ChannelNile Red_Seq0233.ome.tiff,15,11600.330873380313,0.011062937615757287
WellE03_PointE03_0003_ChannelNile Red_Seq0163.ome.tiff,0,0.0,0.0
WellC19_PointC19_0003_ChannelNile Red_Seq0067.ome.tiff,0,0.0,0.0
WellD22_PointD22_0002_ChannelNile Red_Seq0082.ome.tiff,0,0.0,0.0
WellG22_PointG22_0002_ChannelNile Red_Seq0398.ome.tiff,0,0.0,0.0
WellG19_PointG19_0001_ChannelNile Red_Seq0385.ome.tiff,6,5190.6964618937345,0.004950233899968848
WellD12_PointD12_0003_ChannelNile Red_Seq0123.ome.tiff,0,0.0,0.0
WellH20_PointH20_0002_ChannelNile Red_Seq0410.ome.tiff,1,530.929158456675,0.0005063335022513152
WellC05_PointC05_0002_ChannelNile Red_Seq0010.ome.tiff,0,0.0,0.0
WellH11_PointH11_0002_ChannelNile Red_Seq0446.ome.tiff,55,22321.80120191887,0.02128772850219619
WellE21_PointE21_0002_ChannelNile Red_Seq0234.ome.tiff,13,10291.072134996766,0.009814331183430449
WellC14_PointC14_0003_ChannelNile Red_Seq0047.ome.tiff,0,0.0,0.0
WellC17_PointC17_0003_ChannelNile Red_Seq0059.ome.tiff,0,0.0,0.0
WellF12_PointF12_0002_ChannelNile Red_Seq0282.ome.tiff,71,103227.23680981684,0.09844516449910816
WellD17_PointD17_0002_ChannelNile Red_Seq0102.ome.tiff,0,0.0,0.0
WellH06_PointH06_0002_ChannelNile Red_Seq0466.ome.tiff,11,8239.612132202628,0.007857906467630986
WellE12_PointE12_0002_ChannelNile Red_Seq0198.ome.tiff,51,41103.81288140546,0.03919965065136476
WellG13_PointG13_0002_ChannelNile Red_Seq0362.ome.tiff,1,283.5287369864788,0.0002703940744271076
WellH03_PointH03_0003_ChannelNile Red_Seq0479.ome.tiff,2,1321.039710834508,0.0012598416431756096
WellE09_PointE09_0000_ChannelNile Red_Seq0184.ome.tiff,0,0.0,0.0
WellE16_PointE16_0003_ChannelNile Red_Seq0215.ome.tiff,0,0.0,0.0
WellE16_PointE16_0000_ChannelNile Red_Seq0212.ome.tiff,0,0.0,0.0
WellH08_PointH08_0002_ChannelNile Red_Seq0458.ome.tiff,0,0.0,0.0
WellF16_PointF16_0001_ChannelNile Red_Seq0265.ome.tiff,60,118923.41910531481,0.11341421041995507
WellE20_PointE20_0000_ChannelNile Red_Seq0228.ome.tiff,0,0.0,0.0
WellC12_PointC12_0001_ChannelNile Red_Seq0037.ome.tiff,5,4307.123528071606,0.004107593086310965
WellG22_PointG22_0000_ChannelNile Red_Seq0396.ome.tiff,1,283.5287369864788,0.0002703940744271076
WellE06_PointE06_0000_ChannelNile Red_Seq0172.ome.tiff,0,0.0,0.0
WellF04_PointF04_0001_ChannelNile Red_Seq0313.ome.tiff,2,453.9601384437251,0.00043293012470600615
WellD07_PointD07_0000_ChannelNile Red_Seq0140.ome.tiff,1,962.1127501618741,0.0009175422193163625
WellF04_PointF04_0002_ChannelNile Red_Seq0314.ome.tiff,7,18544.821434140547,0.01768571990407996
WellD15_PointD15_0001_ChannelNile Red_Seq0109.ome.tiff,0,0.0,0.0
WellE06_PointE06_0003_ChannelNile Red_Seq0175.ome.tiff,0,0.0,0.0
WellF10_PointF10_0001_ChannelNile Red_Seq0289.ome.tiff,27,43035.89236336318,0.041042225230563334
WellC17_PointC17_0001_ChannelNile Red_Seq0057.ome.tiff,0,0.0,0.0
WellH16_PointH16_0000_ChannelNile Red_Seq0424.ome.tiff,5,2716.6922471917733,0.0025908396217267735
WellG03_PointG03_0000_ChannelNile Red_Seq0320.ome.tiff,0,0.0,0.0
WellH21_PointH21_0001_ChannelNile Red_Seq0405.ome.tiff,21,14218.848350147404,0.013560150480410961
WellH03_PointH03_0001_ChannelNile Red_Seq0477.ome.tiff,3,1537.8096039322036,0.0014665695227930103
WellG16_PointG16_0001_ChannelNile Red_Seq0373.ome.tiff,0,0.0,0.0
WellD14_PointD14_0000_ChannelNile Red_Seq0112.ome.tiff,0,0.0,0.0
WellE18_PointE18_0002_ChannelNile Red_Seq0222.ome.tiff,13,6576.9242202902315,0.006272243709840995
WellC04_PointC04_0001_ChannelNile Red_Seq0005.ome.tiff,5,3929.3470114774336,0.003747317325093683
WellE12_PointE12_0000_ChannelNile Red_Seq0196.ome.tiff,29,15995.418995752432,0.015254420276405747
WellH05_PointH05_0003_ChannelNile Red_Seq0471.ome.tiff,9,5138.074784946107,0.004900049958177668
WellC12_PointC12_0003_ChannelNile Red_Seq0039.ome.tiff,0,0.0,0.0
WellE13_PointE13_0003_ChannelNile Red_Seq0203.ome.tiff,0,0.0,0.0
WellF20_PointF20_0003_ChannelNile Red_Seq0251.ome.tiff,0,0.0,0.0
WellD14_PointD14_0003_ChannelNile Red_Seq0115.ome.tiff,0,0.0,0.0
WellF05_PointF05_0000_ChannelNile Red_Seq0308.ome.tiff,2,2636.5816345252338,0.0025144401879551256
WellG16_PointG16_0002_ChannelNile Red_Seq0374.ome.tiff,1,1256.6370614359173,0.0011984224905356572
WellD10_PointD10_0000_ChannelNile Red_Seq0128.ome.tiff,0,0.0,0.0
WellC09_PointC09_0001_ChannelNile Red_Seq0025.ome.tiff,3,9532.37750915483,0.009090783604769545
WellH08_PointH08_0000_ChannelNile Red_Seq0456.ome.tiff,1,346.3605900582747,0.0003303151989538905
WellD20_PointD20_0001_ChannelNile Red_Seq0089.ome.tiff,0,0.0,0.0
WellC20_PointC20_0003_ChannelNile Red_Seq0071.ome.tiff,29,208342.5708044411,0.1986909587902461
WellC14_PointC14_0001_ChannelNile Red_Seq0045.ome.tiff,1,530.929158456675,0.0005063335022513152
WellG06_PointG06_0001_ChannelNile Red_Seq0333.ome.tiff,0,0.0,0.0
WellD04_PointD04_0000_ChannelNile Red_Seq0152.ome.tiff,22,45205.947488830316,0.043111751068907085
WellH11_PointH11_0000_ChannelNile Red_Seq0444.ome.tiff,7,1815.055155611503,0.00173097148476744
WellH13_PointH13_0001_ChannelNile Red_Seq0437.ome.tiff,1,346.3605900582747,0.0003303151989538905
WellG19_PointG19_0003_ChannelNile Red_Seq0387.ome.tiff,4,17598.416647246624,0.016783157965895294
WellD12_PointD12_0001_ChannelNile Red_Seq0121.ome.tiff,0,0.0,0.0
WellE03_PointE03_0001_ChannelNile Red_Seq0161.ome.tiff,0,0.0,0.0
WellD22_PointD22_0000_ChannelNile Red_Seq0080.ome.tiff,0,0.0,0.0
WellC19_PointC19_0001_ChannelNile Red_Seq0065.ome.tiff,3,2266.659099565036,0.0021616545673036917
WellC22_PointC22_0002_ChannelNile Red_Seq0078.ome.tiff,22,70670.1267425024,0.06739628481149902
WellH18_PointH18_0000_ChannelNile Red_Seq0416.ome.tiff,11,3532.720938961722,0.0033690652265183658
WellC10_PointC10_0002_ChannelNile Red_Seq0030.ome.tiff,12,4933.085864299372,0.004704557289409038
WellG08_PointG08_0002_ChannelNile Red_Seq0342.ome.tiff,0,0.0,0.0
WellD04_PointD04_0003_ChannelNile Red_Seq0155.ome.tiff,28,49483.22588669283,0.04719088162106784
WellG06_PointG06_0002_ChannelNile Red_Seq0334.ome.tiff,0,0.0,0.0
WellF07_PointF07_0001_ChannelNile Red_Seq0301.ome.tiff,7,7385.098930426206,0.00704297917406674
WellF21_PointF21_0002_ChannelNile Red_Seq0246.ome.tiff,0,0.0,0.0
WellH15_PointH15_0003_ChannelNile Red_Seq0431.ome.tiff,46,18874.68866276748,0.018000305807845573
WellF13_PointF13_0002_ChannelNile Red_Seq0278.ome.tiff,97,181716.78766710422,0.1732986332579653
WellF16_PointF16_0003_ChannelNile Red_Seq0267.ome.tiff,33,47444.33225451306,0.04524644113017374
WellE15_PointE15_0001_ChannelNile Red_Seq0209.ome.tiff,1,5026.548245743669,0.004793689962142629
WellE09_PointE09_0002_ChannelNile Red_Seq0186.ome.tiff,0,0.0,0.0
WellG13_PointG13_0000_ChannelNile Red_Seq0360.ome.tiff,4,2007.477705643878,0.0019144799286307124
WellD05_PointD05_0001_ChannelNile Red_Seq0149.ome.tiff,62,97229.1510359505,0.09272494414897013
WellC07_PointC07_0001_ChannelNile Red_Seq0017.ome.tiff,2,2250.9511362970866,0.0021466742861719957
WellH06_PointH06_0000_ChannelNile Red_Seq0464.ome.tiff,6,2771.670118629595,0.002643270605687709
WellF12_PointF12_0000_ChannelNile Red_Seq0280.ome.tiff,70,124798.98276569114,0.11901758457726587
WellF18_PointF18_0003_ChannelNile Red_Seq0259.ome.tiff,0,0.0,0.0
WellD17_PointD17_0000_ChannelNile Red_Seq0100.ome.tiff,3,5354.844678043803,0.005106777837795069
WellD19_PointD19_0002_ChannelNile Red_Seq0094.ome.tiff,0,0.0,0.0
WellH13_PointH13_0003_ChannelNile Red_Seq0439.ome.tiff,4,1450.630407795087,0.0013834289625120992
WellG10_PointG10_0001_ChannelNile Red_Seq0349.ome.tiff,0,0.0,0.0
WellG03_PointG03_0002_ChannelNile Red_Seq0322.ome.tiff,0,0.0,0.0
WellH16_PointH16_0002_ChannelNile Red_Seq0426.ome.tiff,9,6261.194158604457,0.005971140059093911
WellE05_PointE05_0001_ChannelNile Red_Seq0169.ome.tiff,0,0.0,0.0
WellD09_PointD09_0002_ChannelNile Red_Seq0134.ome.tiff,31,44730.78159997487,0.0426585975646733
WellE10_PointE10_0003_ChannelNile Red_Seq0191.ome.tiff,0,0.0,0.0
WellD07_PointD07_0002_ChannelNile Red_Seq0142.ome.tiff,4,11660.021133798518,0.01111986268405773
WellD09_PointD09_0001_ChannelNile Red_Seq0133.ome.tiff,28,51467.92704559818,0.04908364014205759
WellD19_PointD19_0001_ChannelNile Red_Seq0093.ome.tiff,0,0.0,0.0
WellC22_PointC22_0000_ChannelNile Red_Seq0076.ome.tiff,17,41617.463280267395,0.03968950584437122
WellH18_PointH18_0002_ChannelNile Red_Seq0418.ome.tiff,16,7366.249374504667,0.007025002836708705
WellF09_PointF09_0003_ChannelNile Red_Seq0295.ome.tiff,44,81854.98198744544,0.07806299399132294
WellG11_PointG11_0003_ChannelNile Red_Seq0355.ome.tiff,0,0.0,0.0
WellG20_PointG20_0003_ChannelNile Red_Seq0391.ome.tiff,0,0.0,0.0
WellC09_PointC09_0003_ChannelNile Red_Seq0027.ome.tiff,0,0.0,0.0
WellG15_PointG15_0000_ChannelNile Red_Seq0368.ome.tiff,0,0.0,0.0
WellF13_PointF13_0000_ChannelNile Red_Seq0276.ome.tiff,116,172729.47648334724,0.16472766540846562
WellE13_PointE13_0001_ChannelNile Red_Seq0201.ome.tiff,0,0.0,0.0
WellC04_PointC04_0003_ChannelNile Red_Seq0007.ome.tiff,9,7482.4883026874895,0.007135856917083253
WellE18_PointE18_0000_ChannelNile Red_Seq0220.ome.tiff,8,32367.04371177224,0.030867618285915603
WellC07_PointC07_0003_ChannelNile Red_Seq0019.ome.tiff,2,3648.174468981147,0.0034791702928363296
WellH10_PointH10_0003_ChannelNile Red_Seq0451.ome.tiff,3,1866.8914343957347,0.0017804064125020358
WellC15_PointC15_0002_ChannelNile Red_Seq0050.ome.tiff,10,3996.105855366217,0.00381098351990339
WellF18_PointF18_0001_ChannelNile Red_Seq0257.ome.tiff,0,0.0,0.0
WellG11_PointG11_0000_ChannelNile Red_Seq0352.ome.tiff,0,0.0,0.0
WellF09_PointF09_0000_ChannelNile Red_Seq0292.ome.tiff,21,29004.754174267764,0.027661089109676136
WellF15_PointF15_0002_ChannelNile Red_Seq0270.ome.tiff,0,0.0,0.0
WellH21_PointH21_0003_ChannelNile Red_Seq0407.ome.tiff,3,2339.7011287609985,0.0022313128745660767
WellE19_PointE19_0000_ChannelNile Red_Seq0224.ome.tiff,2,4487.765105653019,0.004279866319325466
WellE22_PointE22_0003_ChannelNile Red_Seq0239.ome.tiff,4,3193.4289323740245,0.0030454911540737386
WellF19_PointF19_0001_ChannelNile Red_Seq0253.ome.tiff,0,0.0,0.0
WellC03_PointC03_0002_ChannelNile Red_Seq0002.ome.tiff,1,660.519855417254,0.0006299208215878048
WellG21_PointG21_0000_ChannelNile Red_Seq0392.ome.tiff,2,2008.2631038072752,0.001915228942687297
WellF14_PointF14_0002_ChannelNile Red_Seq0274.ome.tiff,32,36231.20267568769,0.03455276744431275
WellF08_PointF08_0000_ChannelNile Red_Seq0296.ome.tiff,29,149090.5625614108,0.1421838403333767
WellF14_PointF14_0001_ChannelNile Red_Seq0273.ome.tiff,57,96307.0935921219,0.0918456016465396
WellC08_PointC08_0003_ChannelNile Red_Seq0023.ome.tiff,0,0.0,0.0
WellE14_PointE14_0000_ChannelNile Red_Seq0204.ome.tiff,0,0.0,0.0
WellG21_PointG21_0003_ChannelNile Red_Seq0395.ome.tiff,3,2571.3935869632455,0.0024522720212585883
WellG10_PointG10_0003_ChannelNile Red_Seq0351.ome.tiff,1,8824.73376393373,0.008415921939786653
WellE05_PointE05_0003_ChannelNile Red_Seq0171.ome.tiff,0,0.0,0.0
WellF19_PointF19_0002_ChannelNile Red_Seq0254.ome.tiff,0,0.0,0.0
WellE10_PointE10_0001_ChannelNile Red_Seq0189.ome.tiff,1,2827.4333882308138,0.0026964506037052286
WellH10_PointH10_0001_ChannelNile Red_Seq0449.ome.tiff,4,3308.097064230052,0.0031548472063351175
WellD08_PointD08_0001_ChannelNile Red_Seq0137.ome.tiff,46,72764.78364428341,0.06939390530041066
WellE11_PointE11_0000_ChannelNile Red_Seq0192.ome.tiff,0,0.0,0.0
WellC15_PointC15_0000_ChannelNile Red_Seq0048.ome.tiff,35,15337.255334825371,0.014626746496987697
WellH22_PointH22_0001_ChannelNile Red_Seq0401.ome.tiff,21,11946.691463438587,0.011393252814711177
WellF15_PointF15_0000_ChannelNile Red_Seq0268.ome.tiff,2,3453.39572445858,0.0032934148068033027
WellD18_PointD18_0001_ChannelNile Red_Seq0097.ome.tiff,1,962.1127501618741,0.0009175422193163625
WellG20_PointG20_0001_ChannelNile Red_Seq0389.ome.tiff,2,629.8893270447535,0.0006007092733809981
WellD03_PointD03_0003_ChannelNile Red_Seq0159.ome.tiff,51,95706.26399712285,0.09127260589325223
WellG15_PointG15_0002_ChannelNile Red_Seq0370.ome.tiff,1,346.3605900582747,0.0003303151989538905
WellH17_PointH17_0002_ChannelNile Red_Seq0422.ome.tiff,4,1936.0064727747101,0.001846319649481497
WellE11_PointE11_0003_ChannelNile Red_Seq0195.ome.tiff,7,2443.3736863294616,0.0023301827300352684
WellG07_PointG07_0003_ChannelNile Red_Seq0339.ome.tiff,0,0.0,0.0
WellD06_PointD06_0002_ChannelNile Red_Seq0146.ome.tiff,37,72709.02037468218,0.06934072530239313
WellG04_PointG04_0003_ChannelNile Red_Seq0327.ome.tiff,0,0.0,0.0
WellD11_PointD11_0003_ChannelNile Red_Seq0127.ome.tiff,0,0.0,0.0
WellE08_PointE08_0002_ChannelNile Red_Seq0182.ome.tiff,0,0.0,0.0
WellF08_PointF08_0002_ChannelNile Red_Seq0298.ome.tiff,19,73848.63310977186,0.07042754469849764
WellD21_PointD21_0002_ChannelNile Red_Seq0086.ome.tiff,0,0.0,0.0
WellE22_PointE22_0001_ChannelNile Red_Seq0237.ome.tiff,1,226.98006922186255,0.00021646506235300307
WellH07_PointH07_0000_ChannelNile Red_Seq0460.ome.tiff,1,1661.9025137490005,0.0015849137437334065
WellC10_PointC10_0000_ChannelNile Red_Seq0028.ome.tiff,11,12255.352941653782,0.011687615338948996
WellC06_PointC06_0001_ChannelNile Red_Seq0013.ome.tiff,5,7114.921962217484,0.006785318338601574
WellF22_PointF22_0000_ChannelNile Red_Seq0240.ome.tiff,0,0.0,0.0
WellH15_PointH15_0001_ChannelNile Red_Seq0429.ome.tiff,82,38940.04094124549,0.03713611692547368
WellD16_PointD16_0000_ChannelNile Red_Seq0104.ome.tiff,0,0.0,0.0
WellG14_PointG14_0001_ChannelNile Red_Seq0365.ome.tiff,0,0.0,0.0
WellC06_PointC06_0002_ChannelNile Red_Seq0014.ome.tiff,0,0.0,0.0
WellH12_PointH12_0002_ChannelNile Red_Seq0442.ome.tiff,205,53197.37380139936,0.050732969094657285
WellF17_PointF17_0003_ChannelNile Red_Seq0263.ome.tiff,53,54773.66791533803,0.052236240306222946
WellG18_PointG18_0003_ChannelNile Red_Seq0383.ome.tiff,0,0.0,0.0
WellE15_PointE15_0003_ChannelNile Red_Seq0211.ome.tiff,2,5549.623422566369,0.005292533323828096
WellH19_PointH19_0000_ChannelNile Red_Seq0412.ome.tiff,2,877.2897485149497,0.0008366487012052056
WellC18_PointC18_0001_ChannelNile Red_Seq0061.ome.tiff,1,283.5287369864788,0.0002703940744271076
WellD18_PointD18_0003_ChannelNile Red_Seq0099.ome.tiff,0,0.0,0.0
WellG09_PointG09_0002_ChannelNile Red_Seq0346.ome.tiff,0,0.0,0.0
WellC11_PointC11_0002_ChannelNile Red_Seq0034.ome.tiff,6,2510.917928381642,0.00239459793890156
WellD08_PointD08_0003_ChannelNile Red_Seq0139.ome.tiff,44,80514.30732252602,0.07678442699673273
WellD05_PointD05_0003_ChannelNile Red_Seq0151.ome.tiff,56,80651.75200112056,0.07691550445663506
WellF06_PointF06_0001_ChannelNile Red_Seq0305.ome.tiff,0,0.0,0.0
WellE04_PointE04_0000_ChannelNile Red_Seq0164.ome.tiff,0,0.0,0.0
WellF11_PointF11_0002_ChannelNile Red_Seq0286.ome.tiff,36,75427.28341820075,0.07193306295223308
WellH14_PointH14_0003_ChannelNile Red_Seq0435.ome.tiff,10,2860.4201110935064,0.0027279091940817894
WellH14_PointH14_0000_ChannelNile Red_Seq0432.ome.tiff,5,3575.1324397851845,0.0034095119855739446
WellG07_PointG07_0001_ChannelNile Red_Seq0337.ome.tiff,0,0.0,0.0
WellC11_PointC11_0001_ChannelNile Red_Seq0033.ome.tiff,2,887.4999246391166,0.0008463858839408079
WellC13_PointC13_0000_ChannelNile Red_Seq0040.ome.tiff,12,14043.704559709773,0.013393120345792554
WellH19_PointH19_0003_ChannelNile Red_Seq0415.ome.tiff,5,2166.1281346501623,0.002065780768060839
WellD03_PointD03_0001_ChannelNile Red_Seq0157.ome.tiff,53,70743.16877169836,0.0674659431187614
WellE06_PointE06_0001_ChannelNile Red_Seq0173.ome.tiff,0,0.0,0.0
WellF04_PointF04_0000_ChannelNile Red_Seq0312.ome.tiff,13,6681.382176022093,0.006371862579366772
WellG22_PointG22_0001_ChannelNile Red_Seq0397.ome.tiff,2,798.7499321752049,0.0007617472955467271
WellG03_PointG03_0001_ChannelNile Red_Seq0321.ome.tiff,0,0.0,0.0
WellF10_PointF10_0000_ChannelNile Red_Seq0288.ome.tiff,39,76350.91165835616,0.07281390348277679
WellH16_PointH16_0001_ChannelNile Red_Seq0425.ome.tiff,43,18760.020530911446,0.01789094975558419
WellC17_PointC17_0000_ChannelNile Red_Seq0056.ome.tiff,4,1827.6215262258622,0.0017429557096727965
WellF04_PointF04_0003_ChannelNile Red_Seq0315.ome.tiff,3,3229.5572478903073,0.003079945800676639
WellD15_PointD15_0000_ChannelNile Red_Seq0108.ome.tiff,0,0.0,0.0
WellE06_PointE06_0002_ChannelNile Red_Seq0174.ome.tiff,0,0.0,0.0
WellD07_PointD07_0001_ChannelNile Red_Seq0141.ome.tiff,0,0.0,0.0
WellE12_PointE12_0001_ChannelNile Red_Seq0197.ome.tiff,65,43506.345863238246,0.04149088465045762
WellC04_PointC04_0000_ChannelNile Red_Seq0004.ome.tiff,10,4760.298268351934,0.004539774196960386
WellE18_PointE18_0003_ChannelNile Red_Seq0223.ome.tiff,15,6994.756043217674,0.0066707191879441016
WellG16_PointG16_0000_ChannelNile Red_Seq0372.ome.tiff,0,0.0,0.0
WellD14_PointD14_0001_ChannelNile Red_Seq0113.ome.tiff,0,0.0,0.0
WellH03_PointH03_0000_ChannelNile Red_Seq0476.ome.tiff,9,3493.45103079185,0.003331614523689127
WellH21_PointH21_0000_ChannelNile Red_Seq0404.ome.tiff,5,1724.7343668207964,0.0016448348682601894
WellD20_PointD20_0000_ChannelNile Red_Seq0088.ome.tiff,0,0.0,0.0
WellC20_PointC20_0002_ChannelNile Red_Seq0070.ome.tiff,39,102317.74573660256,0.09757780622158295
WellH08_PointH08_0001_ChannelNile Red_Seq0457.ome.tiff,1,1590.4312808798327,0.001516753464584191
WellC09_PointC09_0000_ChannelNile Red_Seq0024.ome.tiff,3,10308.35089459151,0.009830809492675313
WellD10_PointD10_0001_ChannelNile Red_Seq0129.ome.tiff,0,0.0,0.0
WellD14_PointD14_0002_ChannelNile Red_Seq0114.ome.tiff,0,0.0,0.0
WellF05_PointF05_0001_ChannelNile Red_Seq0309.ome.tiff,0,0.0,0.0
WellG16_PointG16_0003_ChannelNile Red_Seq0375.ome.tiff,0,0.0,0.0
WellF20_PointF20_0002_ChannelNile Red_Seq0250.ome.tiff,0,0.0,0.0
WellC12_PointC12_0002_ChannelNile Red_Seq0038.ome.tiff,3,2643.6502179958106,0.0025211813144643885
WellH05_PointH05_0002_ChannelNile Red_Seq0470.ome.tiff,11,5070.5305428939255,0.004835634749311376
WellE13_PointE13_0002_ChannelNile Red_Seq0202.ome.tiff,1,3318.307240354219,0.00316458438907072
WellD12_PointD12_0002_ChannelNile Red_Seq0122.ome.tiff,0,0.0,0.0
WellG19_PointG19_0000_ChannelNile Red_Seq0384.ome.tiff,4,3407.0572328181306,0.0032492229774648005
WellG22_PointG22_0003_ChannelNile Red_Seq0399.ome.tiff,0,0.0,0.0
WellC19_PointC19_0002_ChannelNile Red_Seq0066.ome.tiff,4,2756.7475535250437,0.002629039338612598
WellD22_PointD22_0003_ChannelNile Red_Seq0083.ome.tiff,0,0.0,0.0
WellE03_PointE03_0002_ChannelNile Red_Seq0162.ome.tiff,0,0.0,0.0
WellG05_PointG05_0001_ChannelNile Red_Seq0329.ome.tiff,0,0.0,0.0
WellG08_PointG08_0001_ChannelNile Red_Seq0341.ome.tiff,0,0.0,0.0
WellE21_PointE21_0000_ChannelNile Red_Seq0232.ome.tiff,16,8770.541290659305,0.008364239969882302
WellF21_PointF21_0001_ChannelNile Red_Seq0245.ome.tiff,0,0.0,0.0
WellF07_PointF07_0002_ChannelNile Red_Seq0302.ome.tiff,9,40627.0761962232,0.03874499911901779
WellC17_PointC17_0002_ChannelNile Red_Seq0058.ome.tiff,3,1233.8605146973912,0.0011767010828946983
WellC14_PointC14_0002_ChannelNile Red_Seq0046.ome.tiff,2,2036.5374376895834,0.0019421934487243494
WellH11_PointH11_0003_ChannelNile Red_Seq0447.ome.tiff,5,1681.5374678339367,0.0016036390951480262
WellE21_PointE21_0003_ChannelNile Red_Seq0235.ome.tiff,15,9651.758029991242,0.009204633741370432
WellC05_PointC05_0003_ChannelNile Red_Seq0011.ome.tiff,0,0.0,0.0
WellH20_PointH20_0003_ChannelNile Red_Seq0411.ome.tiff,5,1941.5042599184924,0.0018515627478775905
WellE16_PointE16_0002_ChannelNile Red_Seq0214.ome.tiff,0,0.0,0.0
WellE09_PointE09_0001_ChannelNile Red_Seq0185.ome.tiff,0,0.0,0.0
WellH03_PointH03_0002_ChannelNile Red_Seq0478.ome.tiff,3,4155.541682535899,0.003963033373390101
WellG13_PointG13_0003_ChannelNile Red_Seq0363.ome.tiff,2,453.9601384437251,0.00043293012470600615
WellH06_PointH06_0003_ChannelNile Red_Seq0467.ome.tiff,2,1061.85831691335,0.0010126670045026303
WellE12_PointE12_0003_ChannelNile Red_Seq0199.ome.tiff,72,50757.141707723495,0.048405782420848364
WellD17_PointD17_0003_ChannelNile Red_Seq0103.ome.tiff,0,0.0,0.0
WellF12_PointF12_0003_ChannelNile Red_Seq0283.ome.tiff,73,112141.50596437787,0.10694647404134547
WellC12_PointC12_0000_ChannelNile Red_Seq0036.ome.tiff,3,1895.9511664414401,0.0018081199325956727
WellE20_PointE20_0001_ChannelNile Red_Seq0229.ome.tiff,4,1152.964503867454,0.0010995526350664653
WellF16_PointF16_0000_ChannelNile Red_Seq0264.ome.tiff,89,169076.58962538565,0.16124400103128972
WellH08_PointH08_0003_ChannelNile Red_Seq0459.ome.tiff,0,0.0,0.0
WellE16_PointE16_0001_ChannelNile Red_Seq0213.ome.tiff,0,0.0,0.0
WellH12_PointH12_0001_ChannelNile Red_Seq0441.ome.tiff,6,1474.977750860408,0.0014066483982662276
WellC05_PointC05_0001_ChannelNile Red_Seq0009.ome.tiff,1,1256.6370614359173,0.0011984224905356572
WellF17_PointF17_0000_ChannelNile Red_Seq0260.ome.tiff,34,92767.3040696896,0.08846979529351197
WellH20_PointH20_0001_ChannelNile Red_Seq0409.ome.tiff,2,798.7499321752049,0.0007617472955467271
WellE17_PointE17_0001_ChannelNile Red_Seq0217.ome.tiff,1,7238.229473870883,0.006902913545485385
WellE08_PointE08_0001_ChannelNile Red_Seq0181.ome.tiff,3,2946.8139090672257,0.002810300740306116
WellD11_PointD11_0000_ChannelNile Red_Seq0124.ome.tiff,0,0.0,0.0
WellD21_PointD21_0001_ChannelNile Red_Seq0085.ome.tiff,1,2922.466566001905,0.0027870813045519876
WellD13_PointD13_0002_ChannelNile Red_Seq0118.ome.tiff,0,0.0,0.0
WellH07_PointH07_0003_ChannelNile Red_Seq0463.ome.tiff,0,0.0,0.0
WellG05_PointG05_0003_ChannelNile Red_Seq0331.ome.tiff,0,0.0,0.0
WellD16_PointD16_0003_ChannelNile Red_Seq0107.ome.tiff,0,0.0,0.0
WellG14_PointG14_0002_ChannelNile Red_Seq0366.ome.tiff,0,0.0,0.0
WellG17_PointG17_0002_ChannelNile Red_Seq0378.ome.tiff,0,0.0,0.0
WellF22_PointF22_0003_ChannelNile Red_Seq0243.ome.tiff,0,0.0,0.0
WellE20_PointE20_0003_ChannelNile Red_Seq0231.ome.tiff,3,4186.172210908399,0.003992244921596908
WellC13_PointC13_0003_ChannelNile Red_Seq0043.ome.tiff,6,3505.2320032428115,0.0033428497345378986
WellG18_PointG18_0000_ChannelNile Red_Seq0380.ome.tiff,2,1112.9091975341842,0.0010613529181806413
WellG12_PointG12_0003_ChannelNile Red_Seq0359.ome.tiff,0,0.0,0.0
WellC18_PointC18_0002_ChannelNile Red_Seq0062.ome.tiff,1,1452.2012041218818,0.0013849269906252687
WellF03_PointF03_0003_ChannelNile Red_Seq0319.ome.tiff,4,2609.0926988063234,0.0024882246959746584
WellG09_PointG09_0001_ChannelNile Red_Seq0345.ome.tiff,0,0.0,0.0
WellE07_PointE07_0003_ChannelNile Red_Seq0179.ome.tiff,0,0.0,0.0
WellF11_PointF11_0001_ChannelNile Red_Seq0285.ome.tiff,47,91589.99222275685,0.08734702322269139
WellF06_PointF06_0002_ChannelNile Red_Seq0306.ome.tiff,2,6852.598975642736,0.006535147643702255
WellE04_PointE04_0003_ChannelNile Red_Seq0167.ome.tiff,0,0.0,0.0
WellC21_PointC21_0002_ChannelNile Red_Seq0074.ome.tiff,66,242018.8732545969,0.23080718350848856
WellC08_PointC08_0000_ChannelNile Red_Seq0020.ome.tiff,0,0.0,0.0
WellE14_PointE14_0003_ChannelNile Red_Seq0207.ome.tiff,0,0.0,0.0
WellH09_PointH09_0001_ChannelNile Red_Seq0453.ome.tiff,1,660.519855417254,0.0006299208215878048
WellE17_PointE17_0003_ChannelNile Red_Seq0219.ome.tiff,5,15898.815021654544,0.015162291547445816
WellD15_PointD15_0002_ChannelNile Red_Seq0110.ome.tiff,0,0.0,0.0
WellF10_PointF10_0002_ChannelNile Red_Seq0290.ome.tiff,36,66997.60493045593,0.06389389508290856
WellH04_PointH04_0002_ChannelNile Red_Seq0474.ome.tiff,3,976.2499171030281,0.0009310244723348886
WellH04_PointH04_0001_ChannelNile Red_Seq0473.ome.tiff,0,0.0,0.0
WellE19_PointE19_0003_ChannelNile Red_Seq0227.ome.tiff,1,346.3605900582747,0.0003303151989538905
WellG17_PointG17_0000_ChannelNile Red_Seq0376.ome.tiff,0,0.0,0.0
WellH09_PointH09_0002_ChannelNile Red_Seq0454.ome.tiff,0,0.0,0.0
WellC03_PointC03_0001_ChannelNile Red_Seq0001.ome.tiff,0,0.0,0.0
WellC21_PointC21_0001_ChannelNile Red_Seq0073.ome.tiff,42,84435.8003523695,0.08052425418126058
WellD13_PointD13_0000_ChannelNile Red_Seq0116.ome.tiff,0,0.0,0.0
WellC20_PointC20_0000_ChannelNile Red_Seq0068.ome.tiff,35,168718.44806287644,0.1609024506214871
WellD20_PointD20_0002_ChannelNile Red_Seq0090.ome.tiff,0,0.0,0.0
WellD10_PointD10_0003_ChannelNile Red_Seq0131.ome.tiff,0,0.0,0.0
WellC16_PointC16_0000_ChannelNile Red_Seq0052.ome.tiff,52,34773.503684422016,0.03316259735529138
WellH17_PointH17_0001_ChannelNile Red_Seq0421.ome.tiff,7,1821.3383409186824,0.001736963597220118
WellF20_PointF20_0000_ChannelNile Red_Seq0248.ome.tiff,0,0.0,0.0
WellF05_PointF05_0003_ChannelNile Red_Seq0311.ome.tiff,5,4263.926629084746,0.004066397313198801
WellD06_PointD06_0001_ChannelNile Red_Seq0145.ome.tiff,26,87843.64298335099,0.08377422617278193
WellG04_PointG04_0000_ChannelNile Red_Seq0324.ome.tiff,0,0.0,0.0
WellH05_PointH05_0000_ChannelNile Red_Seq0468.ome.tiff,6,2730.829414132928,0.0026043218747453002
WellE07_PointE07_0001_ChannelNile Red_Seq0177.ome.tiff,0,0.0,0.0
WellC16_PointC16_0003_ChannelNile Red_Seq0055.ome.tiff,0,0.0,0.0
WellG12_PointG12_0001_ChannelNile Red_Seq0357.ome.tiff,0,0.0,0.0
WellH22_PointH22_0002_ChannelNile Red_Seq0402.ome.tiff,10,3220.917868092935,0.003071706646054206
WellF03_PointF03_0001_ChannelNile Red_Seq0317.ome.tiff,4,3275.8957395307566,0.003124137630015141
WellD16_PointD16_0001_ChannelNile Red_Seq0105.ome.tiff,0,0.0,0.0
WellG14_PointG14_0000_ChannelNile Red_Seq0364.ome.tiff,0,0.0,0.0
WellH15_PointH15_0000_ChannelNile Red_Seq0428.ome.tiff,69,31943.714101701014,0.030463899709416403
WellF22_PointF22_0001_ChannelNile Red_Seq0241.ome.tiff,0,0.0,0.0
WellC10_PointC10_0001_ChannelNile Red_Seq0029.ome.tiff,11,8676.293511051612,0.008274358283092129
WellC06_PointC06_0000_ChannelNile Red_Seq0012.ome.tiff,1,907.9202768874502,0.0008658602494120123
WellH07_PointH07_0001_ChannelNile Red_Seq0461.ome.tiff,3,7999.28029420301,0.007628708166316042
WellE22_PointE22_0000_ChannelNile Red_Seq0236.ome.tiff,5,2807.01303598248,0.002676976238234024
WellD21_PointD21_0003_ChannelNile Red_Seq0087.ome.tiff,0,0.0,0.0
WellF08_PointF08_0003_ChannelNile Red_Seq0299.ome.tiff,27,72915.58009165569,0.06953771599927491
WellD11_PointD11_0002_ChannelNile Red_Seq0126.ome.tiff,0,0.0,0.0
WellE08_PointE08_0003_ChannelNile Red_Seq0183.ome.tiff,0,0.0,0.0
WellF17_PointF17_0002_ChannelNile Red_Seq0262.ome.tiff,48,67089.49651557342,0.06398152972752898
WellH12_PointH12_0003_ChannelNile Red_Seq0443.ome.tiff,174,54530.97988284823,0.05200479496273826
WellC06_PointC06_0003_ChannelNile Red_Seq0015.ome.tiff,1,2206.1834409834323,0.002103980484946663
WellH14_PointH14_0002_ChannelNile Red_Seq0434.ome.tiff,6,2605.165707989336,0.0024844796256917345
WellF11_PointF11_0003_ChannelNile Red_Seq0287.ome.tiff,40,72533.09118608115,0.06917294615371813
WellF06_PointF06_0000_ChannelNile Red_Seq0304.ome.tiff,1,346.3605900582747,0.0003303151989538905
WellE04_PointE04_0001_ChannelNile Red_Seq0165.ome.tiff,0,0.0,0.0
WellD08_PointD08_0002_ChannelNile Red_Seq0138.ome.tiff,60,84564.60565116665,0.08064709248654046
WellD05_PointD05_0002_ChannelNile Red_Seq0150.ome.tiff,48,103189.53769797375,0.09840921182439208
WellG09_PointG09_0003_ChannelNile Red_Seq0347.ome.tiff,0,0.0,0.0
WellC11_PointC11_0003_ChannelNile Red_Seq0035.ome.tiff,3,856.869396266616,0.0008171743357340012
WellC18_PointC18_0000_ChannelNile Red_Seq0060.ome.tiff,1,346.3605900582747,0.0003303151989538905
WellH19_PointH19_0001_ChannelNile Red_Seq0413.ome.tiff,0,0.0,0.0
WellD18_PointD18_0002_ChannelNile Red_Seq0098.ome.tiff,1,1590.4312808798327,0.001516753464584191
WellE15_PointE15_0002_ChannelNile Red_Seq0210.ome.tiff,2,3619.1147369354417,0.0034514567727426926
WellG18_PointG18_0002_ChannelNile Red_Seq0382.ome.tiff,0,0.0,0.0
WellD03_PointD03_0000_ChannelNile Red_Seq0156.ome.tiff,48,51794.65268157152,0.04939522998959686
WellC13_PointC13_0001_ChannelNile Red_Seq0041.ome.tiff,13,8793.317837397832,0.008385961377523262
WellH19_PointH19_0002_ChannelNile Red_Seq0414.ome.tiff,3,1396.437934520663,0.001331746992607749
WellC11_PointC11_0000_ChannelNile Red_Seq0032.ome.tiff,7,4114.700978039232,0.003924084642447693
WellG07_PointG07_0000_ChannelNile Red_Seq0336.ome.tiff,0,0.0,0.0
WellH14_PointH14_0001_ChannelNile Red_Seq0433.ome.tiff,8,2681.3493298388885,0.0025571339891804585
WellF14_PointF14_0003_ChannelNile Red_Seq0275.ome.tiff,38,42086.34598381566,0.04013666723615233
WellF08_PointF08_0001_ChannelNile Red_Seq0297.ome.tiff,26,76321.85192631044,0.07278618996268314
WellC03_PointC03_0003_ChannelNile Red_Seq0003.ome.tiff,3,1949.3582415524668,0.0018590528884434383
WellG21_PointG21_0001_ChannelNile Red_Seq0393.ome.tiff,0,0.0,0.0
WellF19_PointF19_0000_ChannelNile Red_Seq0252.ome.tiff,0,0.0,0.0
WellE22_PointE22_0002_ChannelNile Red_Seq0238.ome.tiff,2,1414.5020922788044,0.0013489743159091992
WellE19_PointE19_0001_ChannelNile Red_Seq0225.ome.tiff,5,3787.1899439024955,0.0036117457808518367
WellE10_PointE10_0000_ChannelNile Red_Seq0188.ome.tiff,2,5790.740658729386,0.005522480639199625
WellF19_PointF19_0003_ChannelNile Red_Seq0255.ome.tiff,0,0.0,0.0
WellE05_PointE05_0002_ChannelNile Red_Seq0170.ome.tiff,0,0.0,0.0
WellE14_PointE14_0001_ChannelNile Red_Seq0205.ome.tiff,0,0.0,0.0
WellC08_PointC08_0002_ChannelNile Red_Seq0022.ome.tiff,0,0.0,0.0
WellG21_PointG21_0002_ChannelNile Red_Seq0394.ome.tiff,0,0.0,0.0
WellG10_PointG10_0002_ChannelNile Red_Seq0350.ome.tiff,0,0.0,0.0
WellF14_PointF14_0000_ChannelNile Red_Seq0272.ome.tiff,57,81352.3271628711,0.0775836249951087
WellF15_PointF15_0001_ChannelNile Red_Seq0269.ome.tiff,2,3114.1037178708825,0.0029698407343586755
WellH22_PointH22_0000_ChannelNile Red_Seq0400.ome.tiff,9,6862.809151766904,0.006544884826437858
WellD18_PointD18_0000_ChannelNile Red_Seq0096.ome.tiff,0,0.0,0.0
WellC15_PointC15_0001_ChannelNile Red_Seq0049.ome.tiff,18,6898.937467283186,0.0065793394730407585
WellD08_PointD08_0000_ChannelNile Red_Seq0136.ome.tiff,65,124785.63099691339,0.11900485133830394
WellE11_PointE11_0001_ChannelNile Red_Seq0193.ome.tiff,4,4152.400089882309,0.003960037317163762
WellH10_PointH10_0000_ChannelNile Red_Seq0448.ome.tiff,0,0.0,0.0
WellD06_PointD06_0003_ChannelNile Red_Seq0147.ome.tiff,44,78383.52210522872,0.07475235186121819
WellG04_PointG04_0002_ChannelNile Red_Seq0326.ome.tiff,0,0.0,0.0
WellE11_PointE11_0002_ChannelNile Red_Seq0194.ome.tiff,19,17534.013997848033,0.01672173881325534
WellG07_PointG07_0002_ChannelNile Red_Seq0338.ome.tiff,0,0.0,0.0
WellG15_PointG15_0003_ChannelNile Red_Seq0371.ome.tiff,0,0.0,0.0
WellH17_PointH17_0003_ChannelNile Red_Seq0423.ome.tiff,12,3546.8581059028766,0.0033825474795368925
WellD03_PointD03_0002_ChannelNile Red_Seq0158.ome.tiff,71,112383.40859870428,0.10717717037077358
WellG20_PointG20_0000_ChannelNile Red_Seq0388.ome.tiff,3,2982.9422245835085,0.002844755386909016
WellD07_PointD07_0003_ChannelNile Red_Seq0143.ome.tiff,2,18323.33915206247,0.01747449794012305
WellD09_PointD09_0003_ChannelNile Red_Seq0135.ome.tiff,33,128868.91604841671,0.12289897541848822
WellE10_PointE10_0002_ChannelNile Red_Seq0190.ome.tiff,0,0.0,0.0
WellH16_PointH16_0003_ChannelNile Red_Seq0427.ome.tiff,31,10174.833206813943,0.0097034771030559
WellE05_PointE05_0000_ChannelNile Red_Seq0168.ome.tiff,0,0.0,0.0
WellG03_PointG03_0003_ChannelNile Red_Seq0323.ome.tiff,0,0.0,0.0
WellG10_PointG10_0000_ChannelNile Red_Seq0348.ome.tiff,0,0.0,0.0
WellH13_PointH13_0002_ChannelNile Red_Seq0438.ome.tiff,1,283.5287369864788,0.0002703940744271076
WellD19_PointD19_0003_ChannelNile Red_Seq0095.ome.tiff,0,0.0,0.0
WellD19_PointD19_0000_ChannelNile Red_Seq0092.ome.tiff,0,0.0,0.0
WellC22_PointC22_0001_ChannelNile Red_Seq0077.ome.tiff,29,59503.33565531748,0.05674680295497654
WellH18_PointH18_0003_ChannelNile Red_Seq0419.ome.tiff,7,2621.659069420682,0.0025002089208800145
WellD09_PointD09_0000_ChannelNile Red_Seq0132.ome.tiff,23,39923.35944181909,0.03807388252431783
WellE13_PointE13_0000_ChannelNile Red_Seq0200.ome.tiff,0,0.0,0.0
WellF13_PointF13_0001_ChannelNile Red_Seq0277.ome.tiff,105,142816.80203219198,0.13620071604937742
WellG15_PointG15_0001_ChannelNile Red_Seq0369.ome.tiff,0,0.0,0.0
WellG11_PointG11_0002_ChannelNile Red_Seq0354.ome.tiff,0,0.0,0.0
WellG20_PointG20_0002_ChannelNile Red_Seq0390.ome.tiff,3,1472.6215563702156,0.0014044013560964733
WellC09_PointC09_0002_ChannelNile Red_Seq0026.ome.tiff,2,6927.211801165494,0.00660630397907781
WellF09_PointF09_0002_ChannelNile Red_Seq0294.ome.tiff,20,42919.65343518035,0.04093137115018878
WellH21_PointH21_0002_ChannelNile Red_Seq0406.ome.tiff,4,2493.639168786898,0.0023781196296566946
WellF09_PointF09_0001_ChannelNile Red_Seq0293.ome.tiff,52,78894.81630960047,0.0752399600120549
WellF15_PointF15_0003_ChannelNile Red_Seq0271.ome.tiff,4,3520.154568347363,0.0033570810016130092
WellG11_PointG11_0001_ChannelNile Red_Seq0353.ome.tiff,0,0.0,0.0
WellC15_PointC15_0003_ChannelNile Red_Seq0051.ome.tiff,3,1396.437934520663,0.001331746992607749
WellF18_PointF18_0000_ChannelNile Red_Seq0256.ome.tiff,0,0.0,0.0
WellH10_PointH10_0002_ChannelNile Red_Seq0450.ome.tiff,8,5451.448652141688,0.005198906566754998
WellC07_PointC07_0002_ChannelNile Red_Seq0018.ome.tiff,0,0.0,0.0
WellE18_PointE18_0001_ChannelNile Red_Seq0221.ome.tiff,14,13149.921449763477,0.012540742349399068
WellC04_PointC04_0002_ChannelNile Red_Seq0006.ome.tiff,24,16282.089325392502,0.015527810407059195
WellH13_PointH13_0000_ChannelNile Red_Seq0436.ome.tiff,7,2510.917928381642,0.00239459793890156
WellH11_PointH11_0001_ChannelNile Red_Seq0445.ome.tiff,31,8669.224927581035,0.008267617156582866
WellG06_PointG06_0000_ChannelNile Red_Seq0332.ome.tiff,0,0.0,0.0
WellD04_PointD04_0001_ChannelNile Red_Seq0153.ome.tiff,24,36673.38184168045,0.034974462358169985
WellC14_PointC14_0000_ChannelNile Red_Seq0044.ome.tiff,0,0.0,0.0
WellH15_PointH15_0002_ChannelNile Red_Seq0430.ome.tiff,84,38684.78653814131,0.03689268735708361
WellF07_PointF07_0000_ChannelNile Red_Seq0300.ome.tiff,2,4644.844738332509,0.004429669130642423
WellF21_PointF21_0003_ChannelNile Red_Seq0247.ome.tiff,0,0.0,0.0
WellD04_PointD04_0002_ChannelNile Red_Seq0154.ome.tiff,45,75350.3143981878,0.07185965957468776
WellG06_PointG06_0003_ChannelNile Red_Seq0335.ome.tiff,0,0.0,0.0
WellC10_PointC10_0003_ChannelNile Red_Seq0031.ome.tiff,34,20101.480593994293,0.019170265764231007
WellG08_PointG08_0003_ChannelNile Red_Seq0343.ome.tiff,0,0.0,0.0
WellD22_PointD22_0001_ChannelNile Red_Seq0081.ome.tiff,0,0.0,0.0
WellC22_PointC22_0003_ChannelNile Red_Seq0079.ome.tiff,18,28282.973262105512,0.02697274519167472
WellH18_PointH18_0001_ChannelNile Red_Seq0417.ome.tiff,21,7487.200691667874,0.007140351001422762
WellC19_PointC19_0000_ChannelNile Red_Seq0064.ome.tiff,1,660.519855417254,0.0006299208215878048
WellE03_PointE03_0000_ChannelNile Red_Seq0160.ome.tiff,0,0.0,0.0
WellD12_PointD12_0000_ChannelNile Red_Seq0120.ome.tiff,0,0.0,0.0
WellG19_PointG19_0002_ChannelNile Red_Seq0386.ome.tiff,4,13344.700194286042,0.012726497835432093
WellF16_PointF16_0002_ChannelNile Red_Seq0266.ome.tiff,70,156469.37830652983,0.14922082739499076
WellF13_PointF13_0003_ChannelNile Red_Seq0279.ome.tiff,128,174549.2440279391,0.16646313097757254
WellD17_PointD17_0001_ChannelNile Red_Seq0101.ome.tiff,0,0.0,0.0
WellF12_PointF12_0001_ChannelNile Red_Seq0281.ome.tiff,60,60186.63205747325,0.057398445184205296
WellF18_PointF18_0002_ChannelNile Red_Seq0258.ome.tiff,0,0.0,0.0
WellH06_PointH06_0001_ChannelNile Red_Seq0465.ome.tiff,20,8282.023633026092,0.007898353226686566
WellC07_PointC07_0000_ChannelNile Red_Seq0016.ome.tiff,1,1963.4954084936207,0.0018725351414619644
WellD05_PointD05_0000_ChannelNile Red_Seq0148.ome.tiff,71,122371.31704262964,0.11670238212836231
WellG13_PointG13_0001_ChannelNile Red_Seq0361.ome.tiff,2,692.7211801165494,0.000660630397907781
WellE09_PointE09_0003_ChannelNile Red_Seq0187.ome.tiff,0,0.0,0.0
WellE15_PointE15_0000_ChannelNile Red_Seq0208.ome.tiff,0,0.0,0.0
